cohort_id,cohort_name,omega_baseline,omega_variant,delta_omega,v_weight,v_weighted_delta,variant
C1,Commuter Students,1.791759469228055,1.791759469228055,0.0,0.3581970477838151,0.0,params_variant_A
C2,First-Gen Low-Bandwidth,1.791759469228055,1.791759469228055,0.0,0.3581970477838151,0.0,params_variant_A
C3,Working Caregivers,1.791759469228055,1.791759469228055,0.0,0.3581970477838151,0.0,params_variant_A
C1,Commuter Students,1.791759469228055,1.6094379124341003,-0.18232155679395468,0.3581970477838151,-0.06530704339094374,params_variant_B
C2,First-Gen Low-Bandwidth,1.791759469228055,1.6094379124341003,-0.18232155679395468,0.3581970477838151,-0.06530704339094374,params_variant_B
C3,Working Caregivers,1.791759469228055,1.6094379124341003,-0.18232155679395468,0.3581970477838151,-0.06530704339094374,params_variant_B
